{
  "manifest": {
    "apis": {
      "custom": {
        "endpoint": {
          "uri": "arn:aws:lambda:us-east-1:563765641197:function:2f9cf147-bf91-40a1-a0f8-b5f3c18d15d0:Release_0"
        },
        "interfaces": [],
        "locales": {},
        "regions": {
          "NA": {
            "endpoint": {
              "uri": "arn:aws:lambda:us-east-1:563765641197:function:2f9cf147-bf91-40a1-a0f8-b5f3c18d15d0:Release_0"
            }
          },
          "EU": {
            "endpoint": {
              "uri": "arn:aws:lambda:eu-west-1:563765641197:function:2f9cf147-bf91-40a1-a0f8-b5f3c18d15d0:Release_0"
            }
          },
          "FE": {
            "endpoint": {
              "uri": "arn:aws:lambda:us-west-2:563765641197:function:2f9cf147-bf91-40a1-a0f8-b5f3c18d15d0:Release_0"
            }
          }
        }
      }
    },
    "manifestVersion": "1.0",
    "publishingInformation": {
      "distributionCountries": [],
      "isAvailableWorldwide": true,
      "locales": {
        "es-MX": {
          "name": "Cumpleaños1"
        }
      },
      "testingInstructions": "Sample Testing Instructions."
    }
  }
}