{
  "interactionModel": {
    "languageModel": {
      "intents": [
        {
          "name": "AMAZON.CancelIntent",
          "samples": []
        },
        {
          "name": "AMAZON.HelpIntent",
          "samples": []
        },
        {
          "name": "AMAZON.StopIntent",
          "samples": []
        },
        {
          "name": "AMAZON.YesIntent",
          "samples": []
        },
        {
          "name": "AMAZON.NoIntent",
          "samples": []
        },
        {
          "name": "AMAZON.NavigateHomeIntent",
          "samples": []
        },
        {
          "slots": [],
          "name": "HelloWorldIntent",
          "samples": [
            "hola",
            "como estás",
            "di hola mundo",
            "di hola",
            "hola mundo"
          ]
        },
        {
          "slots": [
            {
              "name": "birthdate",
              "type": "AMAZON.DATE"
            }
          ],
          "name": "RegisterPersonIntent",
          "samples": [
            "registrar una persona",
            "registra una persona",
            "registrar persona",
            "quiero registrar una persona",
            "quiero registrar a alguien",
            "agregar persona",
            "fecha de nacimiento {birthdate}",
            "nació el {birthdate}",
            "su cumpleaños es el {birthdate}"
          ]
        },
        {
          "slots": [],
          "name": "ListPeopleIntent",
          "samples": [
            "lista mis personas",
            "listar personas",
            "quiénes están registrados",
            "dime mis personas registradas",
            "muéstrame mis personas"
          ]
        },
        {
          "slots": [
            {
              "name": "person_name",
              "type": "AMAZON.SearchQuery"
            }
          ],
          "name": "ShowPersonIntent",
          "samples": [
            "muéstrame información de {person_name}",
            "qué sabes de {person_name}",
            "detalles de {person_name}",
            "de {person_name}",
            "ver información de {person_name}"
          ]
        },
        {
          "slots": [
            {
              "name": "person_name",
              "type": "AMAZON.SearchQuery"
            }
          ],
          "name": "GenerateShoppingListIntent",
          "samples": [
            "genera la lista de compras para {person_name}",
            "lista de compras para {person_name}",
            "qué necesito para la fiesta de {person_name}",
            "prepara la lista para {person_name}"
          ]
        },
        {
          "slots": [],
          "name": "ContinuarRegistroPersonaIntent",
          "samples": [
            "continuar",
            "continuar registro",
            "siguiente pregunta",
            "sigue"
          ]
        },
        {
          "slots": [],
          "name": "ConfirmRegisterPersonIntent",
          "samples": [
            "confirma registro",
            "guardar información",
            "sí guarda",
            "no guardes",
            "cancelar registro"
          ]
        },
        {
          "slots": [
            {
              "name": "answer",
              "type": "AMAZON.SearchQuery"
            }
          ],
          "name": "AnswerIntent",
          "samples": [
            "es {answer}",
            "son {answer}",
            "se llama {answer}",
            "se llaman {answer}",
            "la respuesta es {answer}",
            "mi respuesta es {answer}",
            "le gusta {answer}",
            "le gustan {answer}",
            "su snack favorito es {answer}",
            "sus colores son {answer}",
            "su temática favorita es {answer}",
            "{answer} por favor",
            "solo {answer}",
            "es solamente {answer}",
            "{answer} nada más",
            "nació el {answer}",
            "decoracion estilo {answer}",
            "decoracion {answer}",
            "estilo {answer}"
          ]
        },
        {
          "slots": [
            {
              "name": "decor",
              "type": "AMAZON.SearchQuery"
            }
          ],
          "name": "DecorStyleIntent",
          "samples": [
            "decoración {decor}",
            "quiero decoración {decor}",
            "decoración estilo {decor}",
            "estilo de decoración {decor}",
            "es {decor}"
          ]
        },
        {
          "slots": [
            {
              "name": "person_name",
              "type": "AMAZON.SearchQuery"
            },
            {
              "name": "item_name",
              "type": "AMAZON.SearchQuery"
            }
          ],
          "name": "MarkItemBoughtIntent",
          "samples": [
            "marca {item_name} como comprado",
            "ya compré {item_name}",
            "anota {item_name} como comprado",
            "pon {item_name} como comprado"
          ]
        },
        {
          "slots": [
            {
              "name": "person_name",
              "type": "AMAZON.SearchQuery"
            }
          ],
          "name": "CloseShoppingListIntent",
          "samples": [
            "cierra la lista",
            "cierra la lista de {person_name}",
            "ya terminé la lista",
            "ya terminé la lista de {person_name}",
            "ya compré todo",
            "marca la lista como completada"
          ]
        }
      ],
      "types": [],
      "invocationName": "cumple gestor"
    }
  }
}